﻿year/class,class_number,student_number,m/w,first_name,last_name,score
ม.6/6,1,19424,นาย,ฐิติกร,กาฬภักดี,100
ม.6/6,2,19508,นาย,ดนุนัย,นิลพัฒน์,100
ม.6/6,3,19550,นาย,ชุษณะ,โตหนองเสือ,100
ม.6/6,4,19555,นาย,ภูมิภัทร,เสาวรส,100
ม.6/6,5,19641,นาย,ทิพย์สุคนธ์,กาฬภักดี,100
ม.6/6,6,19645,นาย,รพีภัทร์,เหม็งพันธุ์,100
ม.6/6,7,19688,นาย,ชาติภูมิ,สมใจ,100
ม.6/6,8,19690,นาย,ธนกร,ปลูกฝัง,100
ม.6/6,9,19697,นาย,สุภากร,เหลืองแดง,100
ม.6/6,10,19731,นาย,ธีรเวธน์,ลิมปอังศุ,100
ม.6/6,11,19734,นาย,พีระพัฒน์,ทองปัญญา,100
ม.6/6,12,19740,นาย,สหชาติ,ตั้งธงชัย,100
ม.6/6,13,19742,นาย,อครเดช,คณะศรี,100
ม.6/6,14,19821,นาย,นครินทร์,กาฬภักดี,100
ม.6/6,15,19825,นาย,พาทิศ,พละพงศ์,100
ม.6/6,16,19856,นาย,นะโมพุทธายะ,จูประเสริฐ,100
ม.6/6,17,19525,นางสาว,กรชนก,บุญกิจ,100
ม.6/6,18,19533,นางสาว,นันท์ชพร,ขำแผลง,100
ม.6/6,19,19542,นางสาว,ศิราพร,ผิวเพ็ชร,100
ม.6/6,20,19546,นางสาว,อัจฉรา,ถนัดรบ,100
ม.6/6,21,19585,นางสาว,วริศรา,ภาษิต,100
ม.6/6,22,19586,นางสาว,ศศิประภา,กำลังหาญ,100
ม.6/6,23,19611,นางสาว,จันทกานต์,ทีปะลา,100
ม.6/6,24,19612,นางสาว,ชมพูนุช,แป้นพ่วง,100
ม.6/6,25,19617,นางสาว,ธันวราภาร์,คืออินทร์,100
ม.6/6,26,19622,นางสาว,สลิตา,ทองคำสุข,100
ม.6/6,27,19632,นางสาว,สุดารัด,กรธนอารีย์,100
ม.6/6,28,19635,นางสาว,อธิชนัน,เดชสุริวงศ์,100
ม.6/6,29,19681,นางสาว,เอกอัปษร,รอดทอง,100
ม.6/6,30,19704,นางสาว,จิรัฐติกาล,เหล่าโละ,100
ม.6/6,31,19752,นางสาว,ปาณิสรา,ศรีสุวรรณ,100
ม.6/6,32,19769,นางสาว,อชิรญา,จุลบุษรา,100
ม.6/6,33,19791,นางสาว,ชนาภา,คำกองแก้ว,100
ม.6/6,34,19798,นางสาว,ณัฐสุดา,ถมทรัพย์,100
ม.6/6,35,19802,นางสาว,ประวีณัชย์,ศรีบัวทอง,100
ม.6/6,36,19808,นางสาว,วนิดา,โสขุมา,100
ม.6/6,37,19848,นางสาว,สุดาสิริญย์,ศรีสุวรรณ,100
ม.6/6,38,19872,นางสาว,ชวาลณี,เชาวโนทัย,100
ม.6/6,39,19875,นางสาว,นภัทวรรณ,ดวงแก้ว,100
ม.6/6,40,19911,นางสาว,นันท์นภัส,ขุมสุวรรณ์,100
ม.6/6,41,20016,นางสาว,อรวรา,แสงจันทร์,100
,,,,,,100
,,,,,,100
ม.6/7,1,19345,นาย,ณัฐพล,พ่อชมภู,100
ม.6/7,2,19422,นาย,โชติตระการ,ปลูกฝัง,100
ม.6/7,3,19461,นาย,คีรินทร์,พิมพขันธ์,100
ม.6/7,4,19504,นาย,กิตติพศ,อินทพันธุ์,100
ม.6/7,5,19513,นาย,ปิยทัศน์,หิรัญวงศ์,100
ม.6/7,6,19594,นาย,ทิวากร,เจริญธรรม,100
ม.6/7,7,19696,นาย,ศุกลวัฒณ์,มาบุญช่วย,100
ม.6/7,8,19729,นาย,ณัฐภัทร,ดีเสมอ,100
ม.6/7,9,19733,นาย,ปฏิพัทธ์,บุญส่ง,100
ม.6/7,10,19738,นาย,ส่งเสริม,ดวงจันทร์,100
ม.6/7,11,19774,นาย,ธาวิน,อภิรมณ์,100
ม.6/7,12,19780,นาย,ภูมรินทร์,เล้าอรุณ,100
ม.6/7,13,19781,นาย,ศุภกฤต,บุญมี,100
ม.6/7,14,19822,นาย,นพดล,สีภูมี,100
ม.6/7,15,19823,นาย,ปฎิพัทธ์,หอมไม่หาย,100
ม.6/7,16,19892,นาย,นัฐภูมิ,ธัญญเจริญ,100
ม.6/7,17,19524,นางสาว,กชพร,อ้อยตรงดี,100
ม.6/7,18,19540,นางสาว,ภาณิศา,บุตรสิงห์,100
ม.6/7,19,19579,นางสาว,ภูริดาฉัตร,เตียวสมบูรณ์กิจ,100
ม.6/7,20,19671,นางสาว,สุพิชญา,จันทร์ดากรณ์,100
ม.6/7,21,19678,นางสาว,อัญญาณี,รื่นสำลี,100
ม.6/7,22,19709,นางสาว,ณัฐภรณ์,เข็มเพ็ชร์,100
ม.6/7,23,19748,นางสาว,ธัญชนก,ปานทอง,100
ม.6/7,24,19755,นางสาว,พลอยชมภู,มีทองคำ,100
ม.6/7,25,19761,นางสาว,วรพิชชา,จอมพลเขียว,100
ม.6/7,26,19770,นางสาว,อมรรัตน์,ทองสุข,100
ม.6/7,27,19771,นางสาว,อรสา,ปู่เจ้า,100
ม.6/7,28,19804,นางสาว,พิมพ์สิริ,มณีวงค์,100
ม.6/7,29,19833,นางสาว,กาญจนา,หมื่นแสน,100
ม.6/7,30,19834,นางสาว,ชนิษฐา,วันทอง,100
ม.6/7,31,19836,นางสาว,โชติรัตน์,สดคมขำ,100
ม.6/7,32,19846,นางสาว,รุ่งอรุณ,ทองไพรวรรณ,100
ม.6/7,33,19867,นางสาว,จิรปภา,โพธิ์กลิ่น,100
ม.6/7,34,19870,นางสาว,ชมพูนุช,ธัญญเจริญ,100
ม.6/7,35,19912,นางสาว,นารีรัตน์,เทพบุตร,100
ม.6/7,36,19914,นางสาว,พัณณ์จุฑา,เต็มวิริยะนุกูล,100
ม.6/7,37,19946,นางสาว,ปรียาภา,อินทร์นอก,100
ม.6/7,38,21982,นางสาว,ชุติกาญจน์,รอดหงส์ทอง,100
ม.6/7,39,21983,นางสาว,วนัดา,ทองสุข,100
ม.6/7,40,22627,นางสาว,กัลยรัตน์,ยุงกลาง,100
,,,,,,100
,,,,,,100
ม.6/8,1,19592,นาย,จีรพัฒน์,สระทองเคน,100
ม.6/8,2,19689,นาย,ณภัทรพงศ์,หงษ์วิไลย์,100
ม.6/8,3,19698,นาย,อิทธิพล,แซ่คู,100
ม.6/8,4,19743,นาย,อินทัช,บุญญานุรักษ์,100
ม.6/8,5,19779,นาย,ภมรพิพัฒน์,แช่มโชติ,100
ม.6/8,6,19853,นาย,ชิษณุพงศ์,อินทร,100
ม.6/8,7,19859,นาย,พัฒนพงษ์,ผาสุข,100
ม.6/8,8,19860,นาย,ภัทรชัย,ชาญเดช,100
ม.6/8,9,19864,นาย,อธิพงศ์,วิวัฒนชัยพงษ์,100
ม.6/8,10,19890,นาย,นรภัค,พลพุ่ม,100
ม.6/8,11,19891,นาย,นวิน,รุ่งสว่าง,100
ม.6/8,12,19894,นาย,ปรวัฒน์,หมู่โยธา,100
ม.6/8,13,19895,นาย,มนต์มนัส,กาฬภักดี,100
ม.6/8,14,21985,นาย,เจตริน,จันทร์สวาท,100
ม.6/8,15,21986,นาย,จิราวัฒน์,กังผึ้ง,100
ม.6/8,16,19569,นางสาว,จรรยพร,เทพมณี,100
ม.6/8,17,19580,นางสาว,มณฑิรา,จันทร,100
ม.6/8,18,19624,นางสาว,วรกานต์,พันธุ์แตง,100
ม.6/8,19,19625,นางสาว,วรพิชชา,ทั่งโต,100
ม.6/8,20,19652,นางสาว,กานต์ธิดา,แตงทอง,100
ม.6/8,21,19672,นางสาว,สุภชา,ภูฆัง,100
ม.6/8,22,19708,นางสาว,ณัชชา,ภูฆัง,100
ม.6/8,23,19711,นางสาว,ธนัชชา,คงดี,100
ม.6/8,24,19720,นางสาว,ประภัสสร,กาฬภักดี,100
ม.6/8,25,19726,นางสาว,อธิชา,ท้วมเสมา,100
ม.6/8,26,19787,นางสาว,กาญจน์เกล้า,ศรีบุญเพ็ง,100
ม.6/8,27,19793,นางสาว,ฐิติพร,อู่อรุณ,100
ม.6/8,28,19803,นางสาว,พิชญาภา,ขาวสอาด,100
ม.6/8,29,19812,นางสาว,ศศิธร,บริวาส,100
ม.6/8,30,19831,นางสาว,กชกร,มณีวงษ์,100
ม.6/8,31,19835,นางสาว,ชลธาร,ทรดี,100
ม.6/8,32,19845,นางสาว,มิรันตี,กาฬภักดี,100
ม.6/8,33,19850,นางสาว,อรชิรา,ทองไพรวรรณ,100
ม.6/8,34,19868,นางสาว,จุฑารัตน์,ทองรอด,100
ม.6/8,35,19881,นางสาว,ศิรดา,เกิดโพธิ์ชา,100
ม.6/8,36,19884,นางสาว,อชิรญา,ดวงแก้ว,100
ม.6/8,37,19937,นางสาว,จิดาภา,หงษ์วานิชย์,100
ม.6/8,38,21987,นางสาว,กุลนันทน์,ขุนณรงค์,100
ม.6/8,39,21988,นางสาว,ณัฐกัญญา,พุ่มจำปา,100
ม.6/8,40,21989,นางสาว,ณิชาภัทร,เพ็งอุ่น,100
ม.6/8,41,21991,นางสาว,สิรีธร,เทพเทียน,100
,,,,,,100
,,,,,,100
ม.6/9,1,19643,นาย,ธนวัฒน์,ภูฆัง,100
ม.6/9,2,19775,นาย,ธีรวิทย์,คำสุวรรณ,100
ม.6/9,3,19776,นาย,ปิยังกูร,สุจินตวงษ์,100
ม.6/9,4,19818,นาย,ธนพัชร์,บัวชื่น,100
ม.6/9,5,19824,นาย,ปวริศร์,สกุลเวียงกาญจน์,100
ม.6/9,6,19888,นาย,ชิษณุพงษ์,รัตนวราภรณ์,100
ม.6/9,7,19889,นาย,นพพร,ส่งสุขสำเภา,100
ม.6/9,8,19893,นาย,นันทภพ,ไชยชาติ,100
ม.6/9,9,19897,นาย,ศราวิน,เมธาวี,100
ม.6/9,10,19899,นาย,สหัชการ,นพศรี,100
ม.6/9,11,19900,นาย,สิทธา,พิณรัตน์,100
ม.6/9,12,19902,นาย,สุทธิรักษ์,แก้วเรือง,100
ม.6/9,13,19924,นาย,ณฐกร,พงษ์พัชรินทร์,100
ม.6/9,14,19926,นาย,ธนพล,พลอยสุกใส,100
ม.6/9,15,19930,นาย,พัสกร,ปริวัตรชกุลแก้ว,100
ม.6/9,16,21992,นาย,อภินันท์,บุณยะเกียรติ,100
ม.6/9,17,19664,นางสาว,ศศิธร,ดีสุขแสง,100
ม.6/9,18,19765,นางสาว,สิริลักษณ์,แย้มวงศ์,100
ม.6/9,19,19785,นางสาว,กนกวรรณ,อู่อรุณ,100
ม.6/9,20,19792,นางสาว,ชลดา,แซ่ตัน,100
ม.6/9,21,19815,นางสาว,อัจฉราภรณ์,แก้วตา,100
ม.6/9,22,19832,นางสาว,กัญจนพร,ฆ้องบ้านโข้ง,100
ม.6/9,23,19843,นางสาว,พีมฑกาญจน์,กาฬภักดี,100
ม.6/9,24,19849,นางสาว,สุพิชญาณ์,ปลาปูทอง,100
ม.6/9,25,19851,นางสาว,อุมาพร,ทองไพรวรรณ,100
ม.6/9,26,19869,นางสาว,ชนิภรณ์,แซ่ตั้ง,100
ม.6/9,27,19904,นางสาว,กมลวรรณ,ธัญญเจริญ,100
ม.6/9,28,19909,นางสาว,ธนัชพร,วิชชา,100
ม.6/9,29,19913,นางสาว,เบญจวรรณ,เพ็งสวย,100
ม.6/9,30,19915,นางสาว,ฟ้าใส,มณีอินทร์,100
ม.6/9,31,19917,นางสาว,วนัชพร,วงศ์สมบูรณ์,100
ม.6/9,32,19918,นางสาว,วิภารัตน์,นิลพัฒน์,100
ม.6/9,33,19941,นางสาว,ณภัสชญา,ชัยศิริธนจินดา,100
ม.6/9,34,19943,นางสาว,ธัญวรัตน์,กาฬภักดี,100
ม.6/9,35,19944,นางสาว,น้ำมนต์,เวทยานนท์,100
ม.6/9,36,19947,นางสาว,ปรียาภา,ปั้นดี,100
ม.6/9,37,19949,นางสาว,ปิยากร,ปิยคุณากร,100
ม.6/9,38,19950,นางสาว,ปุณยวีร์,ทีปะลา,100
ม.6/9,39,19955,นางสาว,สุนิษา,ทองคำ,100
ม.6/9,40,20698,นางสาว,เปมมิกา,โพธิ์ทอง,100
,,,,,,100
,,,,,,100
ม.6/10,1,19887,นาย,ชิษณุพงศ์,กาฬภักดี,100
ม.6/10,2,19922,นาย,กฤตย์,ศรีรักษ์,100
ม.6/10,3,19925,นาย,ณัฐกร,ทองไพรวรรณ,100
ม.6/10,4,19927,นาย,ธนภัทร,บุญภูงา,100
ม.6/10,5,19928,นาย,ปัญญพัฒน์,อินสว่าง,100
ม.6/10,6,19929,นาย,พชรวริศษ์,ธูปแจ้ง,100
ม.6/10,7,19931,นาย,เมธาสิทธิ์,ขุมทอง,100
ม.6/10,8,19932,นาย,วชิรวิชญ์,สุสะเส็ง,100
ม.6/10,9,19933,นาย,วชิรวิทย์,ภูผา,100
ม.6/10,10,19934,นาย,ศตพล,เกิดสมนึก,100
ม.6/10,11,19935,นาย,ศุภกิจ,ศรีเหรา,100
ม.6/10,12,19795,นางสาว,ณฤดี,กาฬภักดี,100
ม.6/10,13,19871,นางสาว,ชยาภรณ์,แบบประเสริฐ,100
ม.6/10,14,19903,นางสาว,กนกรัตน์,เรือนแก้ว,100
ม.6/10,15,19907,นางสาว,ชลธิชา,บุญเรือง,100
ม.6/10,16,19916,นางสาว,ลภัสรดา,เสร็จกิจ,100
ม.6/10,17,19919,นางสาว,สมิตานันท์,สุขทวี,100
ม.6/10,18,19920,นางสาว,สุภาพร,งามขำ,100
ม.6/10,19,19936,นางสาว,กมลชนก,ประทุมทรัพย์,100
ม.6/10,20,19938,นางสาว,ชนกนาถ,ตนะทิพย์,100
ม.6/10,21,19939,นางสาว,ชนิตา,โชติภัทร์กุล,100
ม.6/10,22,19940,นางสาว,ฐิตาภรณ์,มณีวงษ์,100
ม.6/10,23,19948,นางสาว,ปานฝัน,จันทรดี,100
ม.6/10,24,19951,นางสาว,พรไพลิน,ทองนิล,100
ม.6/10,25,19952,นางสาว,ภัทรวดี,ผุยหนองโพธิ์,100
ม.6/10,26,19953,นางสาว,วรกานต์,อ่อนคำ,100
ม.6/10,27,19956,นางสาว,สุประวีณ์,วัดทอง,100
