﻿year/class,class_number,student_number,m/w,first_name,last_name,score
ม.1/1,1,22628,เด็กชาย,กรธัช,สมบูรณ์ดี,100
ม.1/1,2,22629,เด็กชาย,จักรภัทร,สมใจ,100
ม.1/1,3,22630,เด็กชาย,ณัฐพัชร,วงค์อำมาตย์,100
ม.1/1,4,22631,เด็กชาย,ดนัยณัฐ,ทีปะลา,100
ม.1/1,5,22632,เด็กชาย,ธนดล,จ่ายเพ็ง,100
ม.1/1,6,22633,เด็กชาย,ธนภัทร,กาฬภักดี,100
ม.1/1,7,22634,เด็กชาย,ธวัชชัย,ในจิตร,100
ม.1/1,8,22635,เด็กชาย,ธัชกร,เปรมทอง,100
ม.1/1,9,22636,เด็กชาย,ธีรภัทร,แก้วเจริญ,100
ม.1/1,10,22637,เด็กชาย,ธีรโรจน์,กอนนาค,100
ม.1/1,11,22638,เด็กชาย,บัณฑิต,บุตรศรีด้วง,100
ม.1/1,12,22639,เด็กชาย,ปฏิภาณ,มุขพันธ์,100
ม.1/1,13,22640,เด็กชาย,พงศธร,สมประสงค์,100
ม.1/1,14,22641,เด็กชาย,ภรัณยู,โชคนิธิทรัพย์,100
ม.1/1,15,22642,เด็กชาย,ภัทรกร,ดวงแก้ว,100
ม.1/1,16,22643,เด็กชาย,ภัทรบดี,ส้มฉุน,100
ม.1/1,17,22644,เด็กชาย,ราชันย์,เรียนกะศิลป์,100
ม.1/1,18,22645,เด็กชาย,วราเมธ,ด้ายผึ้ง,100
ม.1/1,19,22646,เด็กชาย,วสุกิจ,พูลเขตกิจ,100
ม.1/1,20,22647,เด็กชาย,ศรายุธ,สะราคำ,100
ม.1/1,21,22648,เด็กชาย,ศิริธาดา,ทองงาม,100
ม.1/1,22,22649,เด็กชาย,สายชล,เมืองช้าง,100
ม.1/1,23,22650,เด็กชาย,สุนันท์,น้ำแก้ว,100
ม.1/1,24,22651,เด็กชาย,สุรเชษฐ์,เทศน้อย,100
ม.1/1,25,22652,เด็กชาย,สุรวัศ,พาชื่นใจ,100
ม.1/1,26,22653,เด็กชาย,อัครภูมิ,เกษประทุม,100
ม.1/1,27,22654,เด็กหญิง,กรรณิกา,กาฬษร,100
ม.1/1,28,22655,เด็กหญิง,กฤตติมาพร,สาลีกร,100
ม.1/1,29,22656,เด็กหญิง,จิณณพัต,อินแปลง,100
ม.1/1,30,22657,เด็กหญิง,จิรานันท์,กาฬภักดี,100
ม.1/1,31,22658,เด็กหญิง,จุฑาธิป,เผ่าปินตา,100
ม.1/1,32,22659,เด็กหญิง,ญาโณทัย,คงคา,100
ม.1/1,33,22660,เด็กหญิง,ณัฐพร,ชาภักดี,100
ม.1/1,34,22661,เด็กหญิง,นภิฏฐา,พิมพขันธ์,100
ม.1/1,35,22662,เด็กหญิง,น้ำเพชร,สุขเกษม,100
ม.1/1,36,22663,เด็กหญิง,พิยะดา,เทศยงค์,100
ม.1/1,37,22664,เด็กหญิง,ภัทรพรน์,รัศมี,100
ม.1/1,38,22665,เด็กหญิง,วิภาวรรณ,เสือนุ้ย,100
ม.1/1,39,22666,เด็กหญิง,ศรัญรัตน์,ผิวเกลี้ยง,100
ม.1/1,40,22667,เด็กหญิง,อัฐภิญญา,จำนงค์เวช,100
,,,,,,
ม.1/2,1,22668,เด็กชาย,คุณวุฒิ,ทองเสงี่ยม,100
ม.1/2,2,22669,เด็กชาย,คุณาพัทธ์,จิระไชยบูรณ์,100
ม.1/2,3,22670,เด็กชาย,จารุกิตติ์,ทองสายใจ,100
ม.1/2,4,22671,เด็กชาย,ชานุพงศ์,พิมพขันธ์,100
ม.1/2,5,22672,เด็กชาย,ณัฐกร,เพิ่มศิริบุตร,100
ม.1/2,6,22673,เด็กชาย,ณัฐวุฒิ,กาฬักดี,100
ม.1/2,7,22674,เด็กชาย,ธนพล,นันทา,100
ม.1/2,8,22675,เด็กชาย,ธนวัฒน์,วงศ์จันทร์อินทร์,100
ม.1/2,9,22676,เด็กชาย,ธนัช,รักษี,100
ม.1/2,10,22677,เด็กชาย,นราวิชญ์,สุพรรณ,100
ม.1/2,11,22678,เด็กชาย,พงศกร,สมประสงค์,100
ม.1/2,12,22679,เด็กชาย,พงศกร,ภูฆัง,100
ม.1/2,13,22680,เด็กชาย,พงศธร,ก่ำหิน,100
ม.1/2,14,22681,เด็กชาย,วชิรวิทย์,สุขประเสริฐ,100
ม.1/2,15,22682,เด็กชาย,วรวุฒิ,บุญรอด,100
ม.1/2,16,22683,เด็กชาย,วัชรากร,รุ่งโรจน์,100
ม.1/2,17,22684,เด็กชาย,สพล,กลิ่นขจร,100
ม.1/2,18,22685,เด็กชาย,สุพศิน,เงื่อนกลาง,100
ม.1/2,19,22686,เด็กชาย,อติเทพ,บัวอ่อน,100
ม.1/2,20,22687,เด็กชาย,อรรถวิชญ์,ยศวิชัย,100
ม.1/2,21,22688,เด็กชาย,อลงกรณ์,วีรานนท์,100
ม.1/2,22,22689,เด็กชาย,อิงฉัตร,วงษ์จุฬา,100
ม.1/2,23,22690,เด็กหญิง,กนกนิภา,อุ่นทรัพย์,100
ม.1/2,24,22691,เด็กหญิง,กัญญาณัฐ,จันทร,100
ม.1/2,25,22692,เด็กหญิง,ชนัญธร,ธัญญเจริญ,100
ม.1/2,26,22693,เด็กหญิง,ญภา,อำนวยศิริ,100
ม.1/2,27,22694,เด็กหญิง,ณัฐธิชา,ทองไพรวรรณ,100
ม.1/2,28,22695,เด็กหญิง,ดนยสร,จันทร,100
ม.1/2,29,22696,เด็กหญิง,ทยาตา,อำนวยศิริ,100
ม.1/2,30,22697,เด็กหญิง,นาราภัทร,เมืองวงษ์,100
ม.1/2,31,22698,เด็กหญิง,ปรีญาดา,พูลสวัสดิ์,100
ม.1/2,32,22699,เด็กหญิง,พัชรมัย,แจ่มจันทร์,100
ม.1/2,33,22700,เด็กหญิง,พัตธราวดี,มะกรูดอินทร์,100
ม.1/2,34,22701,เด็กหญิง,ภัชราพร,เขาแก้ว,100
ม.1/2,35,22702,เด็กหญิง,มาลิสา,สุขเจริญ,100
ม.1/2,36,22703,เด็กหญิง,วนิดา,คนดี,100
ม.1/2,37,22704,เด็กหญิง,ศรันรัตน์,จันทร์พ่วง,100
ม.1/2,38,22705,เด็กหญิง,สุภาวิณี,กิระสัทธานนท์,100
ม.1/2,39,22706,เด็กหญิง,อลิสา,ว่องมหาชัยกุล,100
ม.1/2,40,22707,เด็กหญิง,อัญธิสา,คณฑา,100
,,,,,,
,,,,,,
ม.1/3,1,22708,เด็กชาย,กิตติพัทธ์,เจเถื่อน,100
ม.1/3,2,22709,เด็กชาย,จิรพงศ์,เมืองวงษ์,100
ม.1/3,3,22710,เด็กชาย,จิราภาส,บุญเมือง,100
ม.1/3,4,22711,เด็กชาย,ณภัทร,ปิติแสนไกล,100
ม.1/3,5,22712,เด็กชาย,ณัฐพงษ์,เฉยดี,100
ม.1/3,6,22713,เด็กชาย,ณัฐสิทธิ์,ศุภผลา,100
ม.1/3,7,22714,เด็กชาย,ธนพล,กาฬษร,100
ม.1/3,8,22715,เด็กชาย,ธีรภัทร,ยินดีชาติ,100
ม.1/3,9,22716,เด็กชาย,ปวริศ,เมืองช้าง,100
ม.1/3,10,22717,เด็กชาย,เปรมพิพัฒน์,จันทร์บำรุง,100
ม.1/3,11,22718,เด็กชาย,พรชัย,ศรีสมุทร,100
ม.1/3,12,22719,เด็กชาย,พัฒนศักดิ์,นพกาศ,100
ม.1/3,13,22720,เด็กชาย,พิเชษฐ์,ขันตา,100
ม.1/3,14,22721,เด็กชาย,พีรพัฒน์,ทีปะลา,100
ม.1/3,15,22722,เด็กชาย,พีรวิชญ์,คิ้ววิไล,100
ม.1/3,16,22723,เด็กชาย,ศักดิ์ดา,พุ่มพฤกษ์,100
ม.1/3,17,22724,เด็กชาย,สิปปกร,ทองไพรวรรณ,100
ม.1/3,18,22725,เด็กชาย,อนุชิต,ครคง,100
ม.1/3,19,22726,เด็กชาย,อนุศิษฎ์,จิ๋วเจ็ก,100
ม.1/3,20,22727,เด็กหญิง,กรชนก,ผิวแดง,100
ม.1/3,21,22728,เด็กหญิง,กิตติวรรณ,ศรีบุญเพ็ง,100
ม.1/3,22,22729,เด็กหญิง,จารุวรรณ,ปานสุวรรณ,100
ม.1/3,23,22730,เด็กหญิง,ฉัตรประภัสสร,ศรีศักดา,100
ม.1/3,24,22731,เด็กหญิง,ฉัตรปวีณ์,การภักดี,100
ม.1/3,25,22732,เด็กหญิง,ณัชชา,โพธิ์งาม,100
ม.1/3,26,22733,เด็กหญิง,ธัญญเรศ,เรืองขจร,100
ม.1/3,27,22734,เด็กหญิง,นภัสวรรณ,จันทร,100
ม.1/3,28,22735,เด็กหญิง,นวพรรษ,พรมสว่าง,100
ม.1/3,29,22736,เด็กหญิง,บุญนิศา,แสงบุญ,100
ม.1/3,30,22737,เด็กหญิง,ปทิตตา,เขียวรอดไพร,100
ม.1/3,31,22738,เด็กหญิง,ประภาวรินทร์,ภู่มาลา,100
ม.1/3,32,22739,เด็กหญิง,ปาณิชา,กังวาลย์,100
ม.1/3,33,22740,เด็กหญิง,พัชราวดี,นรสิงห์,100
ม.1/3,34,22741,เด็กหญิง,พิมลพรรณ,ดวงมะณี,100
ม.1/3,35,22742,เด็กหญิง,พีรากร,แก้วเขียว,100
ม.1/3,36,22743,เด็กหญิง,รุ่งนภา,งามขำ,100
ม.1/3,37,22744,เด็กหญิง,รุ่งรวิน,ทองงาม,100
ม.1/3,38,22745,เด็กหญิง,ศุภัญญา,ทองสุก,100
ม.1/3,39,22746,เด็กหญิง,สาวินี,พวงมาลี,100
ม.1/3,40,22747,เด็กหญิง,สุนิตา,ศรีบุญตา,100
,,,,,,
,,,,,,
ม.1/4,1,22748,เด็กชาย,กริชศดากร,รัศมีแก้ว,100
ม.1/4,2,22749,เด็กชาย,กวีวัชน์,กาฬภักดี,100
ม.1/4,3,22750,เด็กชาย,กิตติกวิน,กาฬกักดี,100
ม.1/4,4,22751,เด็กชาย,กิตติภณ,มารักษา,100
ม.1/4,5,22752,เด็กชาย,จิรภัทร,คนเจน,100
ม.1/4,6,22753,เด็กชาย,ชลพัทธิ์,ดาวลอย,100
ม.1/4,7,22754,เด็กชาย,ฐิติพันธุ์,สวยดี,100
ม.1/4,8,22755,เด็กชาย,ทีฆทัศน์,แซ่ตั้ง,100
ม.1/4,9,22756,เด็กชาย,ธนลภย์,เขียวสูงเนิน,100
ม.1/4,10,22757,เด็กชาย,ธนวัฒน์,สุขสำราญ,100
ม.1/4,11,22758,เด็กชาย,ธนาฤทธิ์,หลาบอินทร์,100
ม.1/4,12,22759,เด็กชาย,นนทวรรธณ์,แซ่กี้,100
ม.1/4,13,22760,เด็กชาย,พศวัต,กร่ายติ,100
ม.1/4,14,22761,เด็กชาย,พัชรพร,เดิมชัยภูมิ,100
ม.1/4,15,22762,เด็กชาย,พีรัชชัย,หนูทอง,100
ม.1/4,16,22763,เด็กชาย,รัฐนันท์,ร่มโพธิ์ศรี,100
ม.1/4,17,22764,เด็กชาย,ราชัน,หมวดผา,100
ม.1/4,18,22765,เด็กชาย,วรากร,แตงโสภา,100
ม.1/4,19,22766,เด็กชาย,วัชรพงค์,สุธรรม,100
ม.1/4,20,22767,เด็กชาย,วัชรากร,เทพบุตร,100
ม.1/4,21,22768,เด็กชาย,อัคภัท,อู่อรุณ,100
ม.1/4,22,22769,เด็กชาย,อัครชัย,กลัดเพ็ชร,100
ม.1/4,23,22770,เด็กหญิง,กัญจน์จิรา,คลังสมบัติ,100
ม.1/4,24,22771,เด็กหญิง,จิรัชญา,มุขทอง,100
ม.1/4,25,22772,เด็กหญิง,ชลดา,คันทา,100
ม.1/4,26,22773,เด็กหญิง,ชลธิชา,หอมไม่หาย,100
ม.1/4,27,22774,เด็กหญิง,ฐิติวรดา,เพิ่มพูน,100
ม.1/4,28,22775,เด็กหญิง,ธนพร,แก่นจันทึก,100
ม.1/4,29,22776,เด็กหญิง,ธัญจิรา,นิลไถล,100
ม.1/4,30,22777,เด็กหญิง,ธิชา,ปืนฮวน,100
ม.1/4,31,22778,เด็กหญิง,ประภาพรรณ,ใจแสน,100
ม.1/4,32,22779,เด็กหญิง,พรทิพา,ศรีดอกคำ,100
ม.1/4,33,22780,เด็กหญิง,พัชราลักษณ์,กุศลเลิศ,100
ม.1/4,34,22781,เด็กหญิง,พิชชาพร,จันทร์คงสุวรรณ,100
ม.1/4,35,22782,เด็กหญิง,พิมพ์ลภัส,มีศักดา,100
ม.1/4,36,22783,เด็กหญิง,ภิชามญชุ์,ทองดี,100
ม.1/4,37,22784,เด็กหญิง,รินรดา,ใจลังกา,100
ม.1/4,38,22785,เด็กหญิง,วรรณภา,บุญสิทธิ์,100
ม.1/4,39,22786,เด็กหญิง,วรันลักษณ์,จันทร์ลอย,100
ม.1/4,40,22787,เด็กหญิง,สุภาวดี,เรือนทอง,100
,,,,,,
,,,,,,
ม.1/5,1,22788,เด็กชาย,กฤตธรรม,พิกุลขาว,100
ม.1/5,2,22789,เด็กชาย,กฤตภัค,พันธะ,100
ม.1/5,3,22790,เด็กชาย,กฤติเดช,ทองศรี,100
ม.1/5,4,22791,เด็กชาย,กฤษฎา,ศรีอ่ำดี,100
ม.1/5,5,22792,เด็กชาย,กัณฑ์เอนก,อ่อนคำสี,100
ม.1/5,6,22793,เด็กชาย,กิตติภณ,ธัญญเจริญ,100
ม.1/5,7,22794,เด็กชาย,งามพล,พุ่มมูล,100
ม.1/5,8,22795,เด็กชาย,เจษฎา,ขุนณรงค์,100
ม.1/5,9,22796,เด็กชาย,ชนาเมธ,จั่นทอง,100
ม.1/5,10,22797,เด็กชาย,ชัยภัทร,กาฬภักดี,100
ม.1/5,11,22798,เด็กชาย,ญาณกร,เทศนุ้ย,100
ม.1/5,12,22799,เด็กชาย,ณัฐวุฒิ,หมื่นบำรุงราษฏร์,100
ม.1/5,13,22800,เด็กชาย,ธีรศักดิ์,ศรีบุญรอด,100
ม.1/5,14,22801,เด็กชาย,บดินทร์,พันธ์ศรี,100
ม.1/5,15,22802,เด็กชาย,ปรินทร์,เฉยดี,100
ม.1/5,16,22803,เด็กชาย,พงศ์พินิจ,สีสมุทร,100
ม.1/5,17,22804,เด็กชาย,ภูวเดช,บุนนาค,100
ม.1/5,18,22805,เด็กชาย,ศักดิ์ดา,จอมพงษ์รื่น,100
ม.1/5,19,22806,เด็กชาย,หาญณรงค์,พวงย้อย,100
ม.1/5,20,22807,เด็กหญิง,กมลชนก,กาฬภักดี,100
ม.1/5,21,22808,เด็กหญิง,กัญญาพัชร,เอี่ยมสะอาด,100
ม.1/5,22,22809,เด็กหญิง,กันธิชา,คล้ายสุขุม,100
ม.1/5,23,22810,เด็กหญิง,กุลจิรา,ปั้นคง,100
ม.1/5,24,22811,เด็กหญิง,ขวัญปภัสร์,ชูเชิด,100
ม.1/5,25,22812,เด็กหญิง,ชณิสรา,วรศิริฐฐานนท์,100
ม.1/5,26,22813,เด็กหญิง,ถิรนันท์,เมืองวงษ์,100
ม.1/5,27,22814,เด็กหญิง,ธัญชนก,พันธุปาล,100
ม.1/5,28,22815,เด็กหญิง,นภสร,แตงระย้า,100
ม.1/5,29,22816,เด็กหญิง,นภาพร,บุญโพธิ์,100
ม.1/5,30,22817,เด็กหญิง,นิษารัตน์,พราหมณ์โชติ,100
ม.1/5,31,22818,เด็กหญิง,ใบบัว,หงษ์เวียงจันทร์,100
ม.1/5,32,22819,เด็กหญิง,ปณิดา,กาฬภักดี,100
ม.1/5,33,22820,เด็กหญิง,ปิยาอร,เถื่อนน้อย,100
ม.1/5,34,22821,เด็กหญิง,พรนภัส,ภูฆัง,100
ม.1/5,35,22822,เด็กหญิง,พิชชาภา,ซึ้งจิตถาวร,100
ม.1/5,36,22823,เด็กหญิง,พิชญาภา,แก้วเขียว,100
ม.1/5,37,22824,เด็กหญิง,พิชยธิดา,สอนบาล,100
ม.1/5,38,22825,เด็กหญิง,วัลภา,คำลือ,100
ม.1/5,39,22826,เด็กหญิง,วิรินญา,พงษ์พืช,100
ม.1/5,40,22827,เด็กหญิง,อภิชญา,ม่วงสองสี,100
,,,,,,
,,,,,,
ม.1/6,1,22828,เด็กชาย,กฤษฎ์หิรัญ,วันทอง,100
ม.1/6,2,22829,เด็กชาย,กฤษดา,พูลสมบัติ,100
ม.1/6,3,22830,เด็กชาย,กวิน,จันทร,100
ม.1/6,4,22831,เด็กชาย,ฉัตรณรงค์,ระเวกโสม,100
ม.1/6,5,22832,เด็กชาย,ชิษณุพงศ์,บุญยังมี,100
ม.1/6,6,22833,เด็กชาย,ฑีรภัท,นุชสวาท,100
ม.1/6,7,22834,เด็กชาย,ณัฐวัศห์,สนธิเณร,100
ม.1/6,8,22835,เด็กชาย,ธนธรณ์,พุทธา,100
ม.1/6,9,22836,เด็กชาย,ธนพัฒน์,เฟื่องฟู,100
ม.1/6,10,22837,เด็กชาย,ธีรกานต์,แสงอินทร์,100
ม.1/6,11,22838,เด็กชาย,ธีรวงศ์,รอดโต,100
ม.1/6,12,22839,เด็กชาย,พีรวิชญ์,แป้นเขียว,100
ม.1/6,13,22840,เด็กชาย,ภูกวิน,พุทธชงค์,100
ม.1/6,14,22841,เด็กชาย,ฤทธิ์ชัย,ธรรมปาน,100
ม.1/6,15,22842,เด็กชาย,วันชนะ,เมียดเตียบ,100
ม.1/6,16,22843,เด็กชาย,ศราวุฒิ,ทองรอด,100
ม.1/6,17,22844,เด็กชาย,ศิวัชร์,สุทธิพนไพศาล,100
ม.1/6,18,22845,เด็กชาย,อภิวิชญ์,น้ำแก้ว,100
ม.1/6,19,22846,เด็กหญิง,กรชนก,คุมพันธ์แย้ม,100
ม.1/6,20,22847,เด็กหญิง,กฤตติยาธรณ์,สายทอง,100
ม.1/6,21,22848,เด็กหญิง,กวิสรา,เดชะผล,100
ม.1/6,22,22849,เด็กหญิง,กัญญ์ณัชชา,นิตยาชิต,100
ม.1/6,23,22850,เด็กหญิง,กัลยรัตน์,ต๊ะสุยะ,100
ม.1/6,24,22851,เด็กหญิง,จันทร์จิรา,กันยา,100
ม.1/6,25,22852,เด็กหญิง,ฉัตรณิชานันท์,ขุนณรงค์,100
ม.1/6,26,22853,เด็กหญิง,ณัฐชา,ขุนณรงค์,100
ม.1/6,27,22854,เด็กหญิง,ณัฐชา,คุ้มสมบัติ,100
ม.1/6,28,22855,เด็กหญิง,ดวงกมล,อินรุ่ง,100
ม.1/6,29,22856,เด็กหญิง,ธิดากานต์,บุญลาด,100
ม.1/6,30,22857,เด็กหญิง,ธิดาภัทร,อู่อรุณ,100
ม.1/6,31,22858,เด็กหญิง,นภัทร,บูชา,100
ม.1/6,32,22859,เด็กหญิง,นิชาพร,นุชทอง,100
ม.1/6,33,22860,เด็กหญิง,ปภาวรินทร์,ไพรพล,100
ม.1/6,34,22861,เด็กหญิง,พรรณลดา,ประทุมวรรณ,100
ม.1/6,35,22862,เด็กหญิง,เพ็ญยุภา,ธัญญเจริญ,100
ม.1/6,36,22863,เด็กหญิง,รวิสุดา,ศรีเอม,100
ม.1/6,37,22864,เด็กหญิง,วรรณรดา,สืบสาคร,100
ม.1/6,38,22865,เด็กหญิง,ศิวัชญา,ขำปาน,100
ม.1/6,39,22866,เด็กหญิง,สุพัตรา,ปานเพ็ชร,100
ม.1/6,40,22867,เด็กหญิง,สุภัสสรา,สัตบุตร,100
,,,,,,
,,,,,,
ม.1/7,1,22868,เด็กชาย,ชนกันต์,อินสว่าง,100
ม.1/7,2,22869,เด็กชาย,ณบดินทร์,เหมือนดาว,100
ม.1/7,3,22870,เด็กชาย,เด่นภูมิ,ชะถา,100
ม.1/7,4,22871,เด็กชาย,ธนพล,พูลเพียร,100
ม.1/7,5,22872,เด็กชาย,ธนวิน,อินทนิสา,100
ม.1/7,6,22873,เด็กชาย,นราวิชญ์,ประจงกร,100
ม.1/7,7,22874,เด็กชาย,ปัฐวิชญ์,อิ้วอำพันธ์,100
ม.1/7,8,22875,เด็กชาย,ปิยะพงษ์,เกิดด้วง,100
ม.1/7,9,22876,เด็กชาย,พงศ์พัศ,เทียนทอง,100
ม.1/7,10,22877,เด็กชาย,พรชัย,ทวีสุข,100
ม.1/7,11,22878,เด็กชาย,พลกุมภา,อุดมบูรณ์,100
ม.1/7,12,22879,เด็กชาย,พลเอก,ภูผา,100
ม.1/7,13,22880,เด็กชาย,พัชรพล,พลายละหาร,100
ม.1/7,14,22881,เด็กชาย,ภูวณัฏฐ์,มะลิทอง,100
ม.1/7,15,22882,เด็กชาย,รัชกร,ฉายอรุณ,100
ม.1/7,16,22883,เด็กชาย,รัชชานนท์,พิมพขันธ์,100
ม.1/7,17,22884,เด็กชาย,วีระสุ,พูลคล้าย,100
ม.1/7,18,22885,เด็กชาย,สิงหา,คำแผง,100
ม.1/7,19,22886,เด็กชาย,อรัญ,คงจันทร์,100
ม.1/7,20,22887,เด็กหญิง,กนกวรรณ,ฤกษ์ดี,100
ม.1/7,21,22888,เด็กหญิง,กัญญพัชญ์,พิมพขันธ์,100
ม.1/7,22,22889,เด็กหญิง,จริยา,อภิลักษ์กมล,100
ม.1/7,23,22890,เด็กหญิง,จุฑามาศ,นรมาศ,100
ม.1/7,24,22891,เด็กหญิง,ชลนิภา,เสมูล,100
ม.1/7,25,22892,เด็กหญิง,ณัฐฐาพร,น้ำเพชร,100
ม.1/7,26,22893,เด็กหญิง,ณัฐวดี,พินพวง,100
ม.1/7,27,22894,เด็กหญิง,ธารธารา,ทองโสภา,100
ม.1/7,28,22895,เด็กหญิง,บุญญาพร,วังกรานต์,100
ม.1/7,29,22896,เด็กหญิง,บุณยวีร์,ลีเลิศ,100
ม.1/7,30,22897,เด็กหญิง,ปุญญาภา,รัชวงษ์,100
ม.1/7,31,22898,เด็กหญิง,พิชญาภา,เก่งธัญกรณ์,100
ม.1/7,32,22899,เด็กหญิง,ภัทรธิดา,เพ็ญศิริ,100
ม.1/7,33,22900,เด็กหญิง,วชิรญาณ์,เคนดี,100
ม.1/7,34,22901,เด็กหญิง,วริศรา,พูลสวัสดิ์,100
ม.1/7,35,22902,เด็กหญิง,สิริลักษณ์,แจ้งมงคล,100
ม.1/7,36,22903,เด็กหญิง,สุทธิดา,การภักดี,100
ม.1/7,37,22904,เด็กหญิง,สุพรรณวลี,ศิริพฤกษ์,100
ม.1/7,38,22905,เด็กหญิง,สุพรรณิการ์,สว่างเนตร,100
ม.1/7,39,22906,เด็กหญิง,อารยา,วังงาม,100
ม.1/7,40,22907,เด็กหญิง,อุษา,น้ำทิพย์,100
,,,,,,
,,,,,,
ม.1/8,1,22908,เด็กชาย,จิรภาส,สอดศรี,100
ม.1/8,2,22909,เด็กชาย,จิรวัฒน์,พิมพ์สาลี,100
ม.1/8,3,22910,เด็กชาย,ชนกันต์,ใจเย็น,100
ม.1/8,4,22911,เด็กชาย,ชยธร,วงษ์เนียม,100
ม.1/8,5,22912,เด็กชาย,ณัฎฐชัย,แซ่เตี๊ยะ,100
ม.1/8,6,22913,เด็กชาย,ณัทนพงศ์,นาคเสน,100
ม.1/8,7,22914,เด็กชาย,ทินภัทร,สนธิจิตต์,100
ม.1/8,8,22915,เด็กชาย,แทนทัย,แทนเพ็ชร,100
ม.1/8,9,22916,เด็กชาย,ธราเทพ,อินโต,100
ม.1/8,10,22917,เด็กชาย,พงศกร,มงคลกาล,100
ม.1/8,11,22918,เด็กชาย,พงศธร,เทพทอง,100
ม.1/8,12,22919,เด็กชาย,พงษ์พันธุ์,ศรีเดช,100
ม.1/8,13,22920,เด็กชาย,พชรพล,เถื่อนกุล,100
ม.1/8,14,22921,เด็กชาย,พีรณัฐ,หล่ำสุข,100
ม.1/8,15,22922,เด็กชาย,วชิรวิชญ์,กองกัลยา,100
ม.1/8,16,22923,เด็กชาย,วันชนะ,เอี๊ยบพันธ์,100
ม.1/8,17,22924,เด็กชาย,สุรยุทธ,มัดจุ,100
ม.1/8,18,22925,เด็กหญิง,กัญญารัตน์,รังษีบุตร,100
ม.1/8,19,22926,เด็กหญิง,เขมวิกา,รถมณี,100
ม.1/8,20,22927,เด็กหญิง,เขมิสรา,โตพันธุ์ดี,100
ม.1/8,21,22928,เด็กหญิง,งามฤดี,กลิ่นเกษร,100
ม.1/8,22,22929,เด็กหญิง,จิดาภา,ชัยชนะสูงศักดิ์,100
ม.1/8,23,22930,เด็กหญิง,ชนิกา,อยู่วงษ์อั๋น,100
ม.1/8,24,22931,เด็กหญิง,ชลมาศ,คุณบำรุง,100
ม.1/8,25,22932,เด็กหญิง,ธิดากานต์,จันทร์แก้ว,100
ม.1/8,26,22933,เด็กหญิง,นิญดา,นามชาลี,100
ม.1/8,27,22934,เด็กหญิง,บัญฑิตา,รุ่งกำจัด,100
ม.1/8,28,22935,เด็กหญิง,ปุณยาพร,พิมพ์โยธา,100
ม.1/8,29,22936,เด็กหญิง,พรปวีณ์,เฟื่องฟุ้ง,100
ม.1/8,30,22937,เด็กหญิง,พิชฎา,หมื่นชนะ,100
ม.1/8,31,22938,เด็กหญิง,เพชรรดา,บุญสา,100
ม.1/8,32,22939,เด็กหญิง,วรรณวิสา,โพธิ์สุวรรณ,100
ม.1/8,33,22940,เด็กหญิง,วราภรณ์,พิมพขันธ์,100
ม.1/8,34,22941,เด็กหญิง,ศศิมา,ปิ่นแก้ว,100
ม.1/8,35,22942,เด็กหญิง,สุชานาฎ,ศาสตรเณร,100
ม.1/8,36,22943,เด็กหญิง,สุภาพร,จันทร์ดี,100
ม.1/8,37,22944,เด็กหญิง,สุรีรัตน์,คงคาหลวง,100
ม.1/8,38,22945,เด็กหญิง,อัญชลี,สีถาพล,100
ม.1/8,39,22946,เด็กหญิง,อัญชิษฐา,ทองแท้,100
ม.1/8,40,22947,เด็กหญิง,อารยา,ศรีสุข,100
,,,,,,
,,,,,,
ม.1/9,1,22948,เด็กชาย,กมลพงษ์,ศรีทับทิม,100
ม.1/9,2,22949,เด็กชาย,ชานนท์,ธัญญเจริญ,100
ม.1/9,3,22950,เด็กชาย,ฐานะวัส,คำแสน,100
ม.1/9,4,22951,เด็กชาย,ฐิติกร,ดวงแก้ว,100
ม.1/9,5,22952,เด็กชาย,ณภัทร,ประถมทอง,100
ม.1/9,6,22953,เด็กชาย,ธัญเทพ,จีนเจริญ,100
ม.1/9,7,22954,เด็กชาย,ธานินทร์,โพธิ์แก้ว,100
ม.1/9,8,22955,เด็กชาย,นิธิศ,วงษ์ไกรภัทร์,100
ม.1/9,9,22956,เด็กชาย,ปกป้อง,เต่ากล่ำ,100
ม.1/9,10,22957,เด็กชาย,พัสกร,พ่วงศรีรักษา,100
ม.1/9,11,22958,เด็กชาย,พิรชัช,อิ่มรส,100
ม.1/9,12,22959,เด็กชาย,วริทธิ์ธร,แตงทอง,100
ม.1/9,13,22960,เด็กชาย,วิทวัส,เสาวรส,100
ม.1/9,14,22961,เด็กชาย,วิทวัส,จันทร์เสวก,100
ม.1/9,15,22962,เด็กชาย,ศิรวัชร์,แก้วบัวดี,100
ม.1/9,16,22963,เด็กชาย,อธิวุฒิ,นาคดี,100
ม.1/9,17,22964,เด็กชาย,อรรณพ,น้ำคำ,100
ม.1/9,18,22965,เด็กหญิง,กรพันธ์,เมธสาร,100
ม.1/9,19,22966,เด็กหญิง,กัญญาณัฐ,นพวงค์,100
ม.1/9,20,22967,เด็กหญิง,กันยา,พงาตุนัด,100
ม.1/9,21,22968,เด็กหญิง,กิรณา,ยุกตเวทย์,100
ม.1/9,22,22969,เด็กหญิง,ชนาภัทร,เฉกแสงทอง,100
ม.1/9,23,22970,เด็กหญิง,ฑิฆัมพร,แตงนิ่ม,100
ม.1/9,24,22971,เด็กหญิง,ณธิดา,ทองคุ้ม,100
ม.1/9,25,22972,เด็กหญิง,ณัฐธัญญา,จันทร์อ่อน,100
ม.1/9,26,22973,เด็กหญิง,นิรมล,กาฬภักดี,100
ม.1/9,27,22974,เด็กหญิง,ปภัศรา,ปวงนิยม,100
ม.1/9,28,22975,เด็กหญิง,ปริยากร,ทิพย์รัตน์,100
ม.1/9,29,22976,เด็กหญิง,ปุณณดา,ศุภวราพงษ์,100
ม.1/9,30,22977,เด็กหญิง,พลอยรัตน์,ถุงเงินโต,100
ม.1/9,31,22978,เด็กหญิง,ภัควลัญชญ์,ปฏิสันเนติ,100
ม.1/9,32,22979,เด็กหญิง,ภัทรศยา,สิงห์ขอน,100
ม.1/9,33,22980,เด็กหญิง,รมิตา,สร้อยทรัพย์,100
ม.1/9,34,22981,เด็กหญิง,วนัสนันท์,ผลยังส่ง,100
ม.1/9,35,22982,เด็กหญิง,วรัชยา,ขำกล่ำ,100
ม.1/9,36,22983,เด็กหญิง,วริศรา,สมใจเพ็ง,100
ม.1/9,37,22984,เด็กหญิง,สันต์ฤทัย,นิลนิยม,100
ม.1/9,38,22985,เด็กหญิง,สุวรา,ดำรงสิริศุภกุล,100
ม.1/9,39,22986,เด็กหญิง,อัญมณี,จันเรียน,100
ม.1/9,40,22987,เด็กหญิง,อินทุอร,บุญญานุรักษ์,100
,,,,,,
,,,,,,
ม.1/10,1,22988,เด็กชาย,กานต์พิชชา,เกิดศิริ,100
ม.1/10,2,22989,เด็กชาย,ฐิติภูมิวัฒนา,ล้ำละออ,100
ม.1/10,3,22990,เด็กชาย,ณัฐกิตติ์,ใจสิงห์,100
ม.1/10,4,22991,เด็กชาย,ณัฐฐภัทร์,ขันนาค,100
ม.1/10,5,22992,เด็กชาย,ณัฐธกรณ์,มณีวสุพงษ์,100
ม.1/10,6,22993,เด็กชาย,ณัฐวรรธน์,โยคนิตย์,100
ม.1/10,7,22994,เด็กชาย,ตรัยรัตน์,อินทวิรัตน์,100
ม.1/10,8,22995,เด็กชาย,ธนพงษ์,ศรีสุข,100
ม.1/10,9,22996,เด็กชาย,ธีรภัทร์,กลิ่นเชย,100
ม.1/10,10,22997,เด็กชาย,ปภากร,เชี่ยวชาญ,100
ม.1/10,11,22998,เด็กชาย,ปิยะ,ปัตยะตัง,100
ม.1/10,12,22999,เด็กชาย,พิพัฒพงศ์,ธรรมศร,100
ม.1/10,13,23000,เด็กชาย,ภูมิทัศน์,พลจร,100
ม.1/10,14,23001,เด็กชาย,เมธาวิชย์,แก้วปรางค์,100
ม.1/10,15,23002,เด็กชาย,วัชรพงศ์,เรืองฤทธิ์,100
ม.1/10,16,23003,เด็กชาย,สุทธิธรรม,สุทธิประภา,100
ม.1/10,17,23004,เด็กชาย,สุทธิธรรม,คลังสมบัติ,100
ม.1/10,18,23005,เด็กชาย,อัศวพล,ใหญ่ยิ่ง,100
ม.1/10,19,23006,เด็กหญิง,กนกชนก,บุญชยามร,100
ม.1/10,20,23007,เด็กหญิง,กัญญาพัชร,เอี่ยมสอาด,100
ม.1/10,21,23008,เด็กหญิง,กัลยา,ใจเที่ยง,100
ม.1/10,22,23009,เด็กหญิง,กุลิสรา,ฟองสุวรรณ,100
ม.1/10,23,23010,เด็กหญิง,จรินทร์พร,ศรีฉ่ำพันธ์,100
ม.1/10,24,23011,เด็กหญิง,จามิกร,พลสอน,100
ม.1/10,25,23012,เด็กหญิง,ณัฐวลัญช์,อินทนะ,100
ม.1/10,26,23013,เด็กหญิง,ตรีทิพยนิภา,ไฝเพชร,100
ม.1/10,27,23014,เด็กหญิง,นิธิกานต์,ขาวเนย์,100
ม.1/10,28,23015,เด็กหญิง,เบญจวรรณ,รักษาผล,100
ม.1/10,29,23016,เด็กหญิง,ปัทมาพร,เมล์พ่วง,100
ม.1/10,30,23017,เด็กหญิง,ภัทรปภา,เชื้อเมืองพาน,100
ม.1/10,31,23018,เด็กหญิง,ภัทรศยา,สุขีวงค์,100
ม.1/10,32,23019,เด็กหญิง,ภัทรานิษฐ์,มามีสุข,100
ม.1/10,33,23020,เด็กหญิง,เมริสสา,หวานวงค์,100
ม.1/10,34,23021,เด็กหญิง,รัญชน์,เขียวสวัสดิ์,100
ม.1/10,35,23022,เด็กหญิง,รัฐติกาล,เดโชชัย,100
ม.1/10,36,23023,เด็กหญิง,รุ้งทอง,ศรีชุม,100
ม.1/10,37,23024,เด็กหญิง,ศุภมาส,แสงสด,100
ม.1/10,38,23025,เด็กหญิง,สุกัญญา,บุญส่ง,100
ม.1/10,39,23026,เด็กหญิง,อภิสรา,ม่วงมูล,100
ม.1/10,40,23027,เด็กหญิง,อรุโณทัย,สักแก้ว,100
,,,,,,
,,,,,,
ม.1/11,1,23028,เด็กชาย,กฤตคุณ,รายะรุจิ,100
ม.1/11,2,23029,เด็กชาย,จีรายุ,แสนคำ,100
ม.1/11,3,23030,เด็กชาย,ธิติภักดี,กาฬภักดี,100
ม.1/11,4,23031,เด็กชาย,ภูบดินทร์,ใจมั่น,100
ม.1/11,5,23032,เด็กชาย,ภูริวัฑฒ์,ศรีแก้ว,100
ม.1/11,6,23033,เด็กชาย,มนัสพงศ์,สระสังข์,100
ม.1/11,7,23034,เด็กชาย,มรุเดช,ศรีเมือง,100
ม.1/11,8,23035,เด็กชาย,มาวิน,ธัญญเจริญ,100
ม.1/11,9,23036,เด็กชาย,รวีโรจน์,กิจรุ่งเรืองสุข,100
ม.1/11,10,23037,เด็กชาย,รัชชากรณ์,ม่วงมูล,100
ม.1/11,11,23038,เด็กชาย,สราวุฒิ,ฟุ้งเฟื่อง,100
ม.1/11,12,23039,เด็กหญิง,กชพร,สว่างศรี,100
ม.1/11,13,23040,เด็กหญิง,กรวิภา,ด้วงละไม้,100
ม.1/11,14,23041,เด็กหญิง,กัญญ์ณณัฏฐ์,โสมาบุตร,100
ม.1/11,15,23042,เด็กหญิง,กุลจิรา,พรมเพียงช้าง,100
ม.1/11,16,23043,เด็กหญิง,กุลนิษณ์,สว่างศรี,100
ม.1/11,17,23044,เด็กหญิง,เขมมิกา,เข็มทอง,100
ม.1/11,18,23045,เด็กหญิง,จันทกานต์,น้ำจันทร์,100
ม.1/11,19,23046,เด็กหญิง,จารุภา,จิตต์ฉ่ำ,100
ม.1/11,20,23047,เด็กหญิง,จิรัฐติกาล,คล้าเจริญสมบัติ,100
ม.1/11,21,23048,เด็กหญิง,ชญานันท์,พวงสีเงิน,100
ม.1/11,22,23049,เด็กหญิง,ณัฐชานันท์,ทัศน์แก้ว,100
ม.1/11,23,23050,เด็กหญิง,ณิชาดา,สังสุวรรณ,100
ม.1/11,24,23051,เด็กหญิง,ธัญชนก,กวอน,100
ม.1/11,25,23052,เด็กหญิง,ธัญสิริ,สุดใจ,100
ม.1/11,26,23053,เด็กหญิง,นภัสชวรรณ,ชวัลวิทยาพงศ์,100
ม.1/11,27,23054,เด็กหญิง,นริสรา,สุวรรณ,100
ม.1/11,28,23055,เด็กหญิง,นิติมา,เปรมทอง,100
ม.1/11,29,23056,เด็กหญิง,พรเจริญ,ธัญญเจริญ,100
ม.1/11,30,23057,เด็กหญิง,พัทธ์ธีรา,ประสงค์สุข,100
ม.1/11,31,23058,เด็กหญิง,ภรภัทร,เอี๊ยวประเสริฐ,100
ม.1/11,32,23059,เด็กหญิง,เรวดี,คณะศรี,100
ม.1/11,33,23060,เด็กหญิง,วรปภัสร์,แก้วเขียว,100
ม.1/11,34,23061,เด็กหญิง,วรัญญา,อภิบาลพูนผล,100
ม.1/11,35,23062,เด็กหญิง,สุดา,,100
ม.1/11,36,23063,เด็กหญิง,สุพรรษา,พันธุ์ชัย,100
ม.1/11,37,23064,เด็กหญิง,สุพิชฌาย์,พงษ์เหล่าขำ,100
ม.1/11,38,23065,เด็กหญิง,สุริสาเนตร,สระวงษ์,100
ม.1/11,39,23066,เด็กหญิง,อภิชญา,ทีปะลา,100
ม.1/11,40,23067,เด็กหญิง,อรทยา,คล้ายสกุล,100
,,,,,,
,,,,,,
ม.1/12,1,23068,เด็กชาย,กรธิต,จิ้วไม้แดง,100
ม.1/12,2,23069,เด็กชาย,จักรภัทร,ผ่องจินดา,100
ม.1/12,3,23070,เด็กชาย,ณัฐภัทร,พันธ์ชู,100
ม.1/12,4,23071,เด็กชาย,ทิวัตถ์,พัดเพชร,100
ม.1/12,5,23072,เด็กชาย,ธนวัสส์,อนันตทิพยเมธี,100
ม.1/12,6,23073,เด็กชาย,ปภังกร,สร้อยนาค,100
ม.1/12,7,23074,เด็กชาย,ปัณณวิชญ์,บุรีงาม,100
ม.1/12,8,23075,เด็กชาย,พัชรพล,สุขสวัสดิ์,100
ม.1/12,9,23076,เด็กชาย,ศิรภพ,สุขยิ่ง,100
ม.1/12,10,23077,เด็กชาย,ศุภกฤต,เภาหิงษ์,100
ม.1/12,11,23078,เด็กชาย,อภิวิชญ์,นากขะโหนง,100
ม.1/12,12,23079,เด็กหญิง,กมลรัตน์,สอดศรี,100
ม.1/12,13,23080,เด็กหญิง,กรณิชา,แก้วเขียว,100
ม.1/12,14,23081,เด็กหญิง,กัลยกร,แก้วบัวดี,100
ม.1/12,15,23082,เด็กหญิง,จิรประภา,เพ็ชรแก้วทอง,100
ม.1/12,16,23083,เด็กหญิง,ฉัตรชนก,สินเมือง,100
ม.1/12,17,23084,เด็กหญิง,ชญานภัส,ชาตินันทฤกษ์,100
ม.1/12,18,23085,เด็กหญิง,ชนิดาภา,แสงขัน,100
ม.1/12,19,23086,เด็กหญิง,ชวิศา,แกว่นเขตรวิทย์,100
ม.1/12,20,23087,เด็กหญิง,ญาธิดา,แก้วระย้า,100
ม.1/12,21,23088,เด็กหญิง,ฐานิตา,พนมบูรณ์,100
ม.1/12,22,23089,เด็กหญิง,ฐิติรัตน์,พิมพขันธ์,100
ม.1/12,23,23090,เด็กหญิง,ฑิมพกา,เรือนคง,100
ม.1/12,24,23091,เด็กหญิง,ณัชชา,มะโหฬาร,100
ม.1/12,25,23092,เด็กหญิง,ณัฏฐณิชา,เปรมปรีดา,100
ม.1/12,26,23093,เด็กหญิง,ณัฏฐนิดา,สว่างศรี,100
ม.1/12,27,23094,เด็กหญิง,ปาณิสรา,บูฮาเต็ม,100
ม.1/12,28,23095,เด็กหญิง,พิมพ์ชนก,มาลัย,100
ม.1/12,29,23096,เด็กหญิง,ยิ่งลักษณ์,เผ่าพันธ์,100
ม.1/12,30,23097,เด็กหญิง,โยษิตา,แซ่เล้า,100
ม.1/12,31,23098,เด็กหญิง,ลภัสรดา ,เสือนุ้ย,100
ม.1/12,32,23099,เด็กหญิง,สุนิตา,เผือกพันธ์มุก,100
ม.1/12,33,23100,เด็กหญิง,อชิรญาณ์,เอี่ยมสอาด,100
ม.1/12,34,23101,เด็กหญิง,อรุโณทัย,ศรีหนองโคก,100
ม.1/12,35,23102,เด็กหญิง,อาทิตยา,เกลี้ยงทองคำ,100
ม.1/12,36,23103,เด็กหญิง,อารยา,ปูนกลาง,100
,,,,,,
,,,,,,
ม.1/13,1,23104,เด็กชาย,กฤษณะ,ไพศาลรัตนาภร,100
ม.1/13,2,23105,เด็กชาย,คณิตชาญ,ทองจูด,100
ม.1/13,3,23106,เด็กชาย,ชยพล,กาฬภักดี,100
ม.1/13,4,23107,เด็กชาย,ณภัทร,อินทรพงษ์,100
ม.1/13,5,23108,เด็กชาย,ณัฐวัฒน์,ธนาธิปเดชาสิริ,100
ม.1/13,6,23109,เด็กชาย,นิชคุณ,เมฆจะบก,100
ม.1/13,7,23110,เด็กชาย,พัทธดนย์,บุญสว่าง,100
ม.1/13,8,23111,เด็กชาย,พิพิธธน,ดอกไม้ขาว,100
ม.1/13,9,23112,เด็กชาย,ยศกร,โพธิ์แฉล้ม,100
ม.1/13,10,23113,เด็กชาย,วีรชัย,คุนาวงษ์,100
ม.1/13,11,23114,เด็กชาย,ศิรวุฒิ,นวลละออง,100
ม.1/13,12,23115,เด็กชาย,ศิวกร,ภูฆัง,100
ม.1/13,13,23116,เด็กชาย,สุธีรทัศน์  ,แสงงาม,100
ม.1/13,14,23117,เด็กชาย,เสฏฐวุฒิ,ขำสุวรรณ,100
ม.1/13,15,23118,เด็กชาย,อนพัทย์,พูลคล้ายวงศ์,100
ม.1/13,16,23119,เด็กชาย,อภิวัฒน์,ศรีเจริญ,100
ม.1/13,17,23120,เด็กหญิง,กนกรดา,บุญภาตระกูล,100
ม.1/13,18,23121,เด็กหญิง,กวินทิพย์,กลิ่นชม,100
ม.1/13,19,23122,เด็กหญิง,กัญญาพร,สมจิตร์,100
ม.1/13,20,23123,เด็กหญิง,จิราพัชร,เวทยานนท์,100
ม.1/13,21,23124,เด็กหญิง,ชณิศกานต์,รุ่งเรือง,100
ม.1/13,22,23125,เด็กหญิง,ชวพร,ธัญญเจริญ,100
ม.1/13,23,23126,เด็กหญิง,ณิชภรณ์ ,เทพสถิตย์,100
ม.1/13,24,23127,เด็กหญิง,นิชาภา,จงชาณสิทโธ,100
ม.1/13,25,23128,เด็กหญิง,บุญสิตา,จันทจิตร์,100
ม.1/13,26,23129,เด็กหญิง,บุษย์ชา,ภาสดา,100
ม.1/13,27,23130,เด็กหญิง,พิมพ์ลภัส,ไหลสงวนงาม,100
ม.1/13,28,23131,เด็กหญิง,ภรณ์วลัญช์,ล้อมวงษ์,100
ม.1/13,29,23132,เด็กหญิง,ภัทรภา,พิมพขันธ์,100
ม.1/13,30,23133,เด็กหญิง,วรรณภา,วิริยะวรคุณ,100
ม.1/13,31,23134,เด็กหญิง,สิริกัลยา,พ่วงเครือ,100
ม.1/13,32,23135,เด็กหญิง,สิริพักตร์,บุญเรือง,100
ม.1/13,33,23136,เด็กหญิง,สิริวิมล,สันนิที,100
ม.1/13,34,23137,เด็กหญิง,สุตาภัทร,เหมือนแก้ว,100
ม.1/13,35,23138,เด็กหญิง,สุภัสสร,หุ่นประเสริฐ,100
ม.1/13,36,23139,เด็กหญิง,อนันตญา,คำกองแก้ว,100
,,,,,,
,,,,,,
ม.1/14,1,23140,เด็กชาย,กรวิชญ์,อุดมพงษ์,100
ม.1/14,2,23141,เด็กชาย,คมสัน,วิเศษสิงห์,100
ม.1/14,3,23142,เด็กชาย,คูณณภัทร,อินทะนะ,100
ม.1/14,4,23143,เด็กชาย,จิณพัต,ลิ้มประจันต์,100
ม.1/14,5,23144,เด็กชาย,ชายชาญ,คุ้มยา,100
ม.1/14,6,23145,เด็กชาย,ชิติพัทธ์,พรรณดิษฐ์,100
ม.1/14,7,23146,เด็กชาย,ณัฐกร,โพธิ์พืช,100
ม.1/14,8,23147,เด็กชาย,ณัฐปภัสร์,มีแก้วน้อย,100
ม.1/14,9,23148,เด็กชาย,ตรัยคุณ,ขุนณรงค์,100
ม.1/14,10,23149,เด็กชาย,ตุลธร,จูประเสริฐ,100
ม.1/14,11,23150,เด็กชาย,ทนงศักดิ์,เฟื่องฟู,100
ม.1/14,12,23151,เด็กชาย,ธนกฤต,ปิ่นศิริ,100
ม.1/14,13,23152,เด็กชาย,ธนกฤต,กาฬภักดี,100
ม.1/14,14,23153,เด็กชาย,ธนวิชญ์,ชำนาญดี,100
ม.1/14,15,23154,เด็กชาย,ธนัญชกร,ตระกูลราญเวช,100
ม.1/14,16,23155,เด็กชาย,ธิติสรณ์,ทองมาเอง,100
ม.1/14,17,23156,เด็กชาย,พชร,แสงโรจน์สกุลชัย,100
ม.1/14,18,23157,เด็กชาย,ภวัต,พุ่มกระจ่าง,100
ม.1/14,19,23158,เด็กชาย,วัชรพล,จันทร์ฉาย,100
ม.1/14,20,23159,เด็กหญิง,กวินธิดา,แก้วเรือง,100
ม.1/14,21,23160,เด็กหญิง,กันติชา,อำพุดซา,100
ม.1/14,22,23161,เด็กหญิง,จิดาภา,บาลนคร,100
ม.1/14,23,23162,เด็กหญิง,จิรประภัสร์,จิวะวิโรจน์,100
ม.1/14,24,23163,เด็กหญิง,ชาลิสา,แกว่นเขตรวิทย์,100
ม.1/14,25,23164,เด็กหญิง,ฌานิกา,ขุนทอง,100
ม.1/14,26,23165,เด็กหญิง,ฐิดารัตน์,จันทร์คงสุวรรณ,100
ม.1/14,27,23166,เด็กหญิง,ณัฐธิดา,เทพมาลาพันธ์ศิริ,100
ม.1/14,28,23167,เด็กหญิง,ณัฐวิมล,สุขโพธิ์เพชร,100
ม.1/14,29,23168,เด็กหญิง,ดาริษา,วีระทอง,100
ม.1/14,30,23169,เด็กหญิง,ธาราทิพย์,เสือสกุล,100
ม.1/14,31,23170,เด็กหญิง,นภัสสร,ภูฆัง,100
ม.1/14,32,23171,เด็กหญิง,ปวีณรัตน์,ทองดี,100
ม.1/14,33,23172,เด็กหญิง,พิชญาพร,รสหอม,100
ม.1/14,34,23173,เด็กหญิง,พิมพ์ลภัส,คำสุริวร,100
ม.1/14,35,23174,เด็กหญิง,ศุจินธรา,ขุนณรงค์,100
ม.1/14,36,23175,เด็กหญิง,อรชพร,กาฬภักดี,100
,,,,,,
,,,,,,
ม.1/15,1,23176,เด็กชาย,กฤตภาส,กัณพัทธณะ,100
ม.1/15,2,23177,เด็กชาย,กฤติเดช,มั่นเจริญพร,100
ม.1/15,3,23178,เด็กชาย,กันต์ชนก,เพ็ชรปานกัน,100
ม.1/15,4,23179,เด็กชาย,จิรพงศ์,น้ำแก้ว,100
ม.1/15,5,23180,เด็กชาย,ฉัฏฐ์,จิรสุขทวีสิน,100
ม.1/15,6,23181,เด็กชาย,ชยพล,เมืองมณี,100
ม.1/15,7,23182,เด็กชาย,ณัฐธนัน,วงษ์ศิลป์สุข,100
ม.1/15,8,23183,เด็กชาย,เทียนพัชร,กวยกิจรุ่งเรือง,100
ม.1/15,9,23184,เด็กชาย,ธนพัจน์,ปลาพันธุ์ดี,100
ม.1/15,10,23185,เด็กชาย,ธนวัฒน์,นัทธีทอง,100
ม.1/15,11,23186,เด็กชาย,ธนวินท์,เจนสิริผลเลิศ,100
ม.1/15,12,23187,เด็กชาย,นนทกร,สุธาธารตระกูล,100
ม.1/15,13,23188,เด็กชาย,นนทิพัทธ์,เวทยานนท์,100
ม.1/15,14,23189,เด็กชาย,นาราภัทร,พิมพขันธ์,100
ม.1/15,15,23190,เด็กชาย,ปวรปรัชญ์,คงประเสริฐ,100
ม.1/15,16,23191,เด็กชาย,ภัคพล,เลาห์เจริญบัณฑิต,100
ม.1/15,17,23192,เด็กชาย,เมธาสิทธิ์,เฉยดี,100
ม.1/15,18,23193,เด็กชาย,วรพัทธิ์,พึ่งตระกูล,100
ม.1/15,19,23194,เด็กชาย,วัชริศ,ผุยหนองโพธิ์,100
ม.1/15,20,23195,เด็กหญิง,กัญญ์กุลณัช,ธูปแจ้ง,100
ม.1/15,21,23196,เด็กหญิง,กุลนิภา,ชินรัมย์,100
ม.1/15,22,23197,เด็กหญิง,คณัสวรรณ,ตั้งธงชัย,100
ม.1/15,23,23198,เด็กหญิง,จุฑามาศ,แผนสมบูรณ์,100
ม.1/15,24,23199,เด็กหญิง,ตรงฤทัย,กลิ่นสาคร,100
ม.1/15,25,23200,เด็กหญิง,นรินทรา,กาฬภักดี,100
ม.1/15,26,23201,เด็กหญิง,นันน์ชญา,บุญจิตต์,100
ม.1/15,27,23202,เด็กหญิง,นิชชาภัทร ,ปิ่นวิเศษ,100
ม.1/15,28,23203,เด็กหญิง,พรรณพัชชา,อุษาทะพานนท์,100
ม.1/15,29,23204,เด็กหญิง,พัชริญาดา,สิทธิ์น้อย,100
ม.1/15,30,23205,เด็กหญิง,พิชามญชุ์,สุธาธารตระกูล,100
ม.1/15,31,23206,เด็กหญิง,พิชามญชุ์,ฤกษ์รัตน์,100
ม.1/15,32,23207,เด็กหญิง,ภัควลัญซ์,อุษาทะพานนท์,100
ม.1/15,33,23208,เด็กหญิง,รัตน์วรา,ดอกลำใย,100
ม.1/15,34,23209,เด็กหญิง,สุชาดา,แตงทอง,100
ม.1/15,35,23210,เด็กหญิง,อภิชญา,รายะรุจิ,100
ม.1/15,36,23211,เด็กหญิง,อัญรินทร์,สารวงษ์,100
